{
  "base_model": {
    "loss": [
      4.5637183297764174,
      4.451101555968776,
      4.175967769189314,
      3.881668765737553,
      3.5482131585930334,
      3.2364558514320487,
      2.9208071490730902,
      2.6748149647857202
    ],
    "accuracy": [
      0.020227560050568902,
      0.02781289506953224,
      0.07838179519595449,
      0.19089759797724398,
      0.2996207332490518,
      0.415929203539823,
      0.5309734513274337,
      0.6548672566371682
    ],
    "attention_analysis": []
  },
  "personal_models": {}
}