{
  "training_history": [],
  "evaluation_results": {},
  "speaker_analysis": {
    "أحمد": {
      "accuracy": 0.6360243988764757,
      "samples": 427,
      "quality": "متوسط"
    },
    "عاصم": {
      "accuracy": 0.8294245184736255,
      "samples": 64,
      "quality": "عالي"
    },
    "هيفاء": {
      "accuracy": 0.6993058310135447,
      "samples": 354,
      "quality": "متوسط"
    },
    "أسيل": {
      "accuracy": 0.5078262971849088,
      "samples": 301,
      "quality": "منخفض"
    },
    "وسام": {
      "accuracy": 0.6736953686672316,
      "samples": 149,
      "quality": "متوسط"
    }
  },
  "word_analysis": {
    "كلمة_34": {
      "accuracy": 0.8849575675354678,
      "frequency": 17
    },
    "كلمة_24": {
      "accuracy": 0.8564638743247661,
      "frequency": 53
    },
    "كلمة_29": {
      "accuracy": 0.7868233916097218,
      "frequency": 22
    },
    "كلمة_9": {
      "accuracy": 0.7616871010044256,
      "frequency": 9
    },
    "كلمة_10": {
      "accuracy": 0.6814483228446879,
      "frequency": 9
    },
    "كلمة_31": {
      "accuracy": 0.8130186963907073,
      "frequency": 24
    },
    "كلمة_6": {
      "accuracy": 0.7541244443323737,
      "frequency": 41
    },
    "كلمة_0": {
      "accuracy": 0.8062560944200426,
      "frequency": 41
    },
    "كلمة_12": {
      "accuracy": 0.7372526268943399,
      "frequency": 6
    },
    "كلمة_2": {
      "accuracy": 0.6901348975087167,
      "frequency": 76
    },
    "كلمة_19": {
      "accuracy": 0.7161271978614624,
      "frequency": 44
    },
    "كلمة_14": {
      "accuracy": 0.8641660241040444,
      "frequency": 61
    },
    "كلمة_18": {
      "accuracy": 0.8171570472318135,
      "frequency": 52
    },
    "كلمة_26": {
      "accuracy": 0.7931094580969922,
      "frequency": 27
    },
    "كلمة_25": {
      "accuracy": 0.7747624304662258,
      "frequency": 47
    },
    "كلمة_27": {
      "accuracy": 0.8752754379175872,
      "frequency": 7
    },
    "كلمة_32": {
      "accuracy": 0.7194464717116867,
      "frequency": 22
    },
    "كلمة_16": {
      "accuracy": 0.7014920151266617,
      "frequency": 56
    },
    "كلمة_35": {
      "accuracy": 0.897314521613916,
      "frequency": 11
    },
    "كلمة_36": {
      "accuracy": 0.8906763119087862,
      "frequency": 9
    },
    "كلمة_15": {
      "accuracy": 0.7289444813257541,
      "frequency": 58
    },
    "كلمة_23": {
      "accuracy": 0.7337854249354505,
      "frequency": 53
    },
    "كلمة_20": {
      "accuracy": 0.8397379345009485,
      "frequency": 31
    },
    "كلمة_13": {
      "accuracy": 0.8699562352110168,
      "frequency": 4
    },
    "كلمة_3": {
      "accuracy": 0.8653275229103707,
      "frequency": 68
    },
    "كلمة_33": {
      "accuracy": 0.8506745387057176,
      "frequency": 20
    },
    "كلمة_28": {
      "accuracy": 0.6614217439468113,
      "frequency": 1
    },
    "كلمة_22": {
      "accuracy": 0.8038998490381679,
      "frequency": 56
    },
    "كلمة_17": {
      "accuracy": 0.8162161796426155,
      "frequency": 52
    },
    "كلمة_7": {
      "accuracy": 0.7401686234083199,
      "frequency": 15
    },
    "كلمة_5": {
      "accuracy": 0.7556915296362023,
      "frequency": 49
    },
    "كلمة_8": {
      "accuracy": 0.8794452120946259,
      "frequency": 12
    },
    "كلمة_4": {
      "accuracy": 0.8308919443393016,
      "frequency": 66
    },
    "كلمة_1": {
      "accuracy": 0.7239991778919586,
      "frequency": 86
    },
    "كلمة_11": {
      "accuracy": 0.881306349038264,
      "frequency": 9
    },
    "كلمة_30": {
      "accuracy": 0.7827888214403036,
      "frequency": 24
    },
    "كلمة_21": {
      "accuracy": 0.8785418464105906,
      "frequency": 57
    }
  },
  "overall_accuracy": 0.6692552828431573,
  "total_samples": 259
}