{
  "methodology": "Corrected speaker-based split with strong regularization",
  "train_speakers": [
    "هيفاء",
    "أسيل",
    "وسام",
    "عاصم"
  ],
  "test_speakers": [
    "أحمد"
  ],
  "train_samples": 558,
  "test_samples": 429,
  "features": 14,
  "models": {
    "Random Forest (Regularized)": {
      "cv_mean": 0.3924731182795698,
      "cv_std": 0.0390170986685972,
      "train_accuracy": 0.5053763440860215,
      "test_accuracy": 0.18181818181818182,
      "overfitting_gap": 0.3235581622678397,
      "precision": 0.07202596538319607,
      "recall": 0.18181818181818182,
      "f1_score": 0.08620501912684185,
      "cv_scores": [
        0.44623655913978494,
        0.3763440860215054,
        0.3548387096774194
      ]
    },
    "SVM (High Regularization)": {
      "cv_mean": 0.035842293906810034,
      "cv_std": 0.005068865814957332,
      "train_accuracy": 0.07347670250896057,
      "test_accuracy": 0.030303030303030304,
      "overfitting_gap": 0.04317367220593027,
      "precision": 0.0019346241998866402,
      "recall": 0.030303030303030304,
      "f1_score": 0.003448699953388786,
      "cv_scores": [
        0.043010752688172046,
        0.03225806451612903,
        0.03225806451612903
      ]
    },
    "Logistic Regression (L2)": {
      "cv_mean": 0.17741935483870966,
      "cv_std": 0.03950789907714803,
      "train_accuracy": 0.25627240143369173,
      "test_accuracy": 0.1048951048951049,
      "overfitting_gap": 0.15137729653858684,
      "precision": 0.05100112778562727,
      "recall": 0.1048951048951049,
      "f1_score": 0.05168750004100412,
      "cv_scores": [
        0.22580645161290322,
        0.12903225806451613,
        0.1774193548387097
      ]
    },
    "Ridge Classifier": {
      "cv_mean": 0.3602150537634408,
      "cv_std": 0.0390170986685972,
      "train_accuracy": 0.4390681003584229,
      "test_accuracy": 0.13752913752913754,
      "overfitting_gap": 0.3015389628292854,
      "precision": 0.07043043885092144,
      "recall": 0.13752913752913754,
      "f1_score": 0.06826532935646401,
      "cv_scores": [
        0.3763440860215054,
        0.3978494623655914,
        0.3064516129032258
      ]
    },
    "Gradient Boosting (Regularized)": {
      "cv_mean": 0.5268817204301075,
      "cv_std": 0.04187570410590654,
      "train_accuracy": 0.7365591397849462,
      "test_accuracy": 0.2680652680652681,
      "overfitting_gap": 0.46849387171967816,
      "precision": 0.21763692506851887,
      "recall": 0.2680652680652681,
      "f1_score": 0.2025208874883357,
      "cv_scores": [
        0.521505376344086,
        0.5806451612903226,
        0.478494623655914
      ]
    },
    "KNN (Optimized)": {
      "cv_mean": 0.5412186379928315,
      "cv_std": 0.021654204253753695,
      "train_accuracy": 1.0,
      "test_accuracy": 0.30303030303030304,
      "overfitting_gap": 0.696969696969697,
      "precision": 0.3115046531541801,
      "recall": 0.30303030303030304,
      "f1_score": 0.2726341635456077,
      "cv_scores": [
        0.553763440860215,
        0.5591397849462365,
        0.510752688172043
      ]
    },
    "Naive Bayes": {
      "cv_mean": 0.6093189964157707,
      "cv_std": 0.020745227424355223,
      "train_accuracy": 0.6559139784946236,
      "test_accuracy": 0.40559440559440557,
      "overfitting_gap": 0.25031957290021806,
      "precision": 0.31625038010351125,
      "recall": 0.40559440559440557,
      "f1_score": 0.3213689479405463,
      "cv_scores": [
        0.6290322580645161,
        0.6182795698924731,
        0.5806451612903226
      ]
    },
    "Extra Trees (Regularized)": {
      "cv_mean": 0.36738351254480284,
      "cv_std": 0.006705479187766914,
      "train_accuracy": 0.43548387096774194,
      "test_accuracy": 0.14918414918414918,
      "overfitting_gap": 0.28629972178359275,
      "precision": 0.040549252187505574,
      "recall": 0.14918414918414918,
      "f1_score": 0.05645837260370355,
      "cv_scores": [
        0.3602150537634409,
        0.3763440860215054,
        0.3655913978494624
      ]
    },
    "Voting Classifier (Hard)": {
      "cv_mean": 0.32437275985663083,
      "cv_std": 0.0710997649637182,
      "train_accuracy": 0.449820788530466,
      "test_accuracy": 0.1655011655011655,
      "overfitting_gap": 0.2843196230293005,
      "precision": 0.10268508577521769,
      "recall": 0.1655011655011655,
      "f1_score": 0.09899951275811622,
      "cv_scores": [
        0.42473118279569894,
        0.26881720430107525,
        0.27956989247311825
      ]
    },
    "Voting Classifier (Soft)": {
      "cv_mean": 0.6075268817204301,
      "cv_std": 0.023228461284615965,
      "train_accuracy": 0.6577060931899642,
      "test_accuracy": 0.40326340326340326,
      "overfitting_gap": 0.25444268992656094,
      "precision": 0.3155371244013421,
      "recall": 0.40326340326340326,
      "f1_score": 0.32013422547820236,
      "cv_scores": [
        0.6290322580645161,
        0.6182795698924731,
        0.5752688172043011
      ]
    },
    "Random Forest (Tuned)": {
      "cv_mean": 0.478494623655914,
      "cv_std": 0.0158275284342793,
      "train_accuracy": 0.5627240143369175,
      "test_accuracy": 0.21212121212121213,
      "overfitting_gap": 0.3506028022157054,
      "precision": 0.1321941552641503,
      "recall": 0.21212121212121213,
      "f1_score": 0.13706684002849331,
      "cv_scores": [
        0.5,
        0.46236559139784944,
        0.4731182795698925
      ]
    },
    "SVM (Tuned)": {
      "cv_mean": 0.07706093189964158,
      "cv_std": 0.03294762779722264,
      "train_accuracy": 0.13261648745519714,
      "test_accuracy": 0.039627039627039624,
      "overfitting_gap": 0.09298944782815752,
      "precision": 0.003486771774849459,
      "recall": 0.039627039627039624,
      "f1_score": 0.00623030171714635,
      "cv_scores": [
        0.12365591397849462,
        0.053763440860215055,
        0.053763440860215055
      ]
    }
  },
  "summary": {
    "best_model": "Naive Bayes",
    "best_test_accuracy": 0.40559440559440557,
    "best_cv_score": 0.6093189964157707,
    "models_with_low_overfitting": [
      "SVM (High Regularization)",
      "SVM (Tuned)"
    ]
  }
}