{
  "Simple_90_10": 0.32786885245901637,
  "Cross_Validation": {
    "mean": 0.24257388701833146,
    "std": 0.021103825645544264
  },
  "LOSO": {
    "mean": 0.08429342540751503,
    "speaker_results": {
      "أسيل": 0.05555555555555555,
      "أحمد": 0.02912621359223301,
      "وسام": 0.013986013986013986,
      "هيفاء": 0.05161290322580645,
      "عاصم": 0.2711864406779661
    }
  },
  "Full_Data": 0.028877887788778877
}