Speaker,Total Samples,Unique Words,Avg Samples per Word
Ahmed,433,59,7.338983050847458
Asem,68,16,4.25
Haifa,356,56,6.357142857142857
Aseel,303,58,5.224137931034483
Wessam,149,22,6.7727272727272725
